[
  {
    "gyro_x": 0.3309,
    "gyro_y": 0.3938,
    "gyro_z": -0.0346,
    "sound": 37.976,
    "lat": 12.92562,
    "long": 77.68664,
    "time": "2018-08-09 09:33:45:336"
  },
  {
    "gyro_x": 0.5951,
    "gyro_y": -0.134,
    "gyro_z": -0.1853,
    "sound": 37.976,
    "lat": 12.92562,
    "long": 77.68664,
    "time": "2018-08-09 09:33:45:435"
  },
  {
    "gyro_x": 0.6132,
    "gyro_y": -0.4387,
    "gyro_z": -0.1848,
    "sound": 37.976,
    "lat": 12.92562,
    "long": 77.68664,
    "time": "2018-08-09 09:33:45:536"
  },
  {
    "gyro_x": 0.2937,
    "gyro_y": -0.0216,
    "gyro_z": -0.1614,
    "sound": 44.196,
    "lat": 12.92562,
    "long": 77.68664,
    "time": "2018-08-09 09:33:45:636"
  },
  {
    "gyro_x": 0.3075,
    "gyro_y": -0.2315,
    "gyro_z": 0.0075,
    "sound": 44.196,
    "lat": 12.92562,
    "long": 77.68664,
    "time": "2018-08-09 09:33:45:736"
  },
  {
    "gyro_x": 0.2111,
    "gyro_y": -0.1287,
    "gyro_z": -0.0325,
    "sound": 44.196,
    "lat": 12.92562,
    "long": 77.68664,
    "time": "2018-08-09 09:33:45:836"
  },
  {
    "gyro_x": 0.226,
    "gyro_y": -1.1407,
    "gyro_z": -0.1987,
    "sound": 41.583,
    "lat": 12.92562,
    "long": 77.68664,
    "time": "2018-08-09 09:33:45:936"
  },
  {
    "gyro_x": 0.2068,
    "gyro_y": -0.3385,
    "gyro_z": -0.3137,
    "sound": 41.583,
    "lat": 12.92562,
    "long": 77.68664,
    "time": "2018-08-09 09:33:46:036"
  },
  {
    "gyro_x": 0.414,
    "gyro_y": -0.7364,
    "gyro_z": -0.3414,
    "sound": 41.583,
    "lat": 12.92562,
    "long": 77.68664,
    "time": "2018-08-09 09:33:46:136"
  },
  {
    "gyro_x": 0.2574,
    "gyro_y": -0.5724,
    "gyro_z": -0.2093,
    "sound": 41.583,
    "lat": 12.92562,
    "long": 77.68664,
    "time": "2018-08-09 09:33:46:236"
  },
  {
    "gyro_x": 0.2511,
    "gyro_y": -0.4493,
    "gyro_z": -0.187,
    "sound": 41.561,
    "lat": 12.92562,
    "long": 77.68664,
    "time": "2018-08-09 09:33:46:336"
  },
  {
    "gyro_x": 0.1168,
    "gyro_y": 0.0913,
    "gyro_z": -0.1656,
    "sound": 41.561,
    "lat": 12.92562,
    "long": 77.68664,
    "time": "2018-08-09 09:33:46:437"
  },
  {
    "gyro_x": 0.2857,
    "gyro_y": -0.0999,
    "gyro_z": -0.0037,
    "sound": 41.561,
    "lat": 12.92562,
    "long": 77.68664,
    "time": "2018-08-09 09:33:46:536"
  },
  {
    "gyro_x": -0.2502,
    "gyro_y": 0.1116,
    "gyro_z": -0.1816,
    "sound": 37.375,
    "lat": 12.92562,
    "long": 77.68664,
    "time": "2018-08-09 09:33:46:636"
  },
  {
    "gyro_x": -0.1394,
    "gyro_y": -0.1734,
    "gyro_z": -0.2322,
    "sound": 37.375,
    "lat": 12.92562,
    "long": 77.68664,
    "time": "2018-08-09 09:33:46:736"
  },
  {
    "gyro_x": -0.215,
    "gyro_y": -0.1409,
    "gyro_z": -0.2892,
    "sound": 37.375,
    "lat": 12.92562,
    "long": 77.68664,
    "time": "2018-08-09 09:33:46:836"
  },
  {
    "gyro_x": -0.207,
    "gyro_y": -0.1617,
    "gyro_z": -0.4565,
    "sound": 37.375,
    "lat": 12.92562,
    "long": 77.68664,
    "time": "2018-08-09 09:33:46:936"
  },
  {
    "gyro_x": -0.1511,
    "gyro_y": -0.061,
    "gyro_z": -0.5465,
    "sound": 35.122,
    "lat": 12.92562,
    "long": 77.68664,
    "time": "2018-08-09 09:33:47:036"
  },
  {
    "gyro_x": -0.24,
    "gyro_y": -0.224,
    "gyro_z": -0.604,
    "sound": 35.122,
    "lat": 12.92562,
    "long": 77.68664,
    "time": "2018-08-09 09:33:47:136"
  },
  {
    "gyro_x": -0.1399,
    "gyro_y": -0.534,
    "gyro_z": -0.5827,
    "sound": 35.122,
    "lat": 12.92562,
    "long": 77.68664,
    "time": "2018-08-09 09:33:47:236"
  },
  {
    "gyro_x": 0.0289,
    "gyro_y": -0.2118,
    "gyro_z": -0.2328,
    "sound": 37.471,
    "lat": 12.92562,
    "long": 77.68664,
    "time": "2018-08-09 09:33:47:336"
  },
  {
    "gyro_x": 0.3895,
    "gyro_y": 0.102,
    "gyro_z": -0.0447,
    "sound": 37.471,
    "lat": 12.92562,
    "long": 77.68664,
    "time": "2018-08-09 09:33:47:436"
  },
  {
    "gyro_x": 0.3917,
    "gyro_y": 0.2191,
    "gyro_z": -0.1486,
    "sound": 37.471,
    "lat": 12.92562,
    "long": 77.68664,
    "time": "2018-08-09 09:33:47:536"
  },
  {
    "gyro_x": 0.7331,
    "gyro_y": -0.4626,
    "gyro_z": -0.1342,
    "sound": 43.079,
    "lat": 12.92562,
    "long": 77.68664,
    "time": "2018-08-09 09:33:47:636"
  },
  {
    "gyro_x": 0.838,
    "gyro_y": -0.5937,
    "gyro_z": -0.0058,
    "sound": 43.079,
    "lat": 12.92562,
    "long": 77.68664,
    "time": "2018-08-09 09:33:47:736"
  },
  {
    "gyro_x": 0.9531,
    "gyro_y": -0.2917,
    "gyro_z": 0.1172,
    "sound": 43.079,
    "lat": 12.92562,
    "long": 77.68664,
    "time": "2018-08-09 09:33:47:836"
  },
  {
    "gyro_x": 0.3762,
    "gyro_y": -0.3204,
    "gyro_z": 0.0655,
    "sound": 43.079,
    "lat": 12.92562,
    "long": 77.68664,
    "time": "2018-08-09 09:33:47:936"
  },
  {
    "gyro_x": 0.3815,
    "gyro_y": 0.2346,
    "gyro_z": 0.1454,
    "sound": 46.133,
    "lat": 12.92562,
    "long": 77.68664,
    "time": "2018-08-09 09:33:48:036"
  },
  {
    "gyro_x": 0.5307,
    "gyro_y": -0.5084,
    "gyro_z": 0.3531,
    "sound": 46.133,
    "lat": 12.92562,
    "long": 77.68664,
    "time": "2018-08-09 09:33:48:136"
  },
  {
    "gyro_x": -0.1633,
    "gyro_y": 0.0572,
    "gyro_z": 0.1577,
    "sound": 46.133,
    "lat": 12.92562,
    "long": 77.68664,
    "time": "2018-08-09 09:33:48:238"
  },
  {
    "gyro_x": -0.7056,
    "gyro_y": 1.1699,
    "gyro_z": 0.4421,
    "sound": 43.528,
    "lat": 12.92562,
    "long": 77.68664,
    "time": "2018-08-09 09:33:48:336"
  },
  {
    "gyro_x": -0.4531,
    "gyro_y": 0.8913,
    "gyro_z": 0.6743,
    "sound": 43.528,
    "lat": 12.92562,
    "long": 77.68664,
    "time": "2018-08-09 09:33:48:436"
  },
  {
    "gyro_x": -0.648,
    "gyro_y": 1.2802,
    "gyro_z": 0.8629,
    "sound": 43.528,
    "lat": 12.92562,
    "long": 77.68664,
    "time": "2018-08-09 09:33:48:536"
  },
  {
    "gyro_x": 0.3118,
    "gyro_y": 0.454,
    "gyro_z": 0.4048,
    "sound": 40.173,
    "lat": 12.92562,
    "long": 77.68664,
    "time": "2018-08-09 09:33:48:636"
  },
  {
    "gyro_x": -0.0238,
    "gyro_y": 0.2122,
    "gyro_z": 0.3803,
    "sound": 40.173,
    "lat": 12.92562,
    "long": 77.68664,
    "time": "2018-08-09 09:33:48:736"
  },
  {
    "gyro_x": -0.2555,
    "gyro_y": 0.2676,
    "gyro_z": 0.4613,
    "sound": 40.173,
    "lat": 12.92562,
    "long": 77.68664,
    "time": "2018-08-09 09:33:48:836"
  },
  {
    "gyro_x": -0.0925,
    "gyro_y": 0.3976,
    "gyro_z": 0.293,
    "sound": 40.173,
    "lat": 12.92562,
    "long": 77.68664,
    "time": "2018-08-09 09:33:48:935"
  },
  {
    "gyro_x": 0.8481,
    "gyro_y": -0.1953,
    "gyro_z": -0.4676,
    "sound": 40.78,
    "lat": 12.92562,
    "long": 77.68664,
    "time": "2018-08-09 09:33:49:036"
  },
  {
    "gyro_x": 0.7933,
    "gyro_y": -0.6176,
    "gyro_z": -0.5092,
    "sound": 40.78,
    "lat": 12.92562,
    "long": 77.68664,
    "time": "2018-08-09 09:33:49:136"
  },
  {
    "gyro_x": 1.5352,
    "gyro_y": -0.7838,
    "gyro_z": -0.5768,
    "sound": 40.78,
    "lat": 12.92562,
    "long": 77.68664,
    "time": "2018-08-09 09:33:49:236"
  },
  {
    "gyro_x": 2.0812,
    "gyro_y": -1.0507,
    "gyro_z": -0.4463,
    "sound": 36.977,
    "lat": 12.92562,
    "long": 77.68664,
    "time": "2018-08-09 09:33:49:336"
  },
  {
    "gyro_x": 3.1901,
    "gyro_y": -1.9492,
    "gyro_z": -0.416,
    "sound": 36.977,
    "lat": 12.92562,
    "long": 77.68664,
    "time": "2018-08-09 09:33:49:436"
  },
  {
    "gyro_x": 7.5279,
    "gyro_y": -5.9024,
    "gyro_z": -1.2208,
    "sound": 36.977,
    "lat": 12.92562,
    "long": 77.68664,
    "time": "2018-08-09 09:33:49:536"
  },
  {
    "gyro_x": -17.4196,
    "gyro_y": 8.2917,
    "gyro_z": 5.835,
    "sound": 37.808,
    "lat": 12.92562,
    "long": 77.68664,
    "time": "2018-08-09 09:33:49:636"
  },
  {
    "gyro_x": 2.2729,
    "gyro_y": 2.8961,
    "gyro_z": -0.2301,
    "sound": 37.808,
    "lat": 12.92562,
    "long": 77.68664,
    "time": "2018-08-09 09:33:49:736"
  },
  {
    "gyro_x": -2.2672,
    "gyro_y": 3.1071,
    "gyro_z": 1.3587,
    "sound": 37.808,
    "lat": 12.92562,
    "long": 77.68664,
    "time": "2018-08-09 09:33:49:836"
  },
  {
    "gyro_x": -1.6238,
    "gyro_y": 0.714,
    "gyro_z": -0.0762,
    "sound": 52.345,
    "lat": 12.92562,
    "long": 77.68664,
    "time": "2018-08-09 09:33:49:936"
  },
  {
    "gyro_x": -0.8515,
    "gyro_y": 0.4247,
    "gyro_z": 0.4112,
    "sound": 52.345,
    "lat": 12.92562,
    "long": 77.68664,
    "time": "2018-08-09 09:33:50:036"
  },
  {
    "gyro_x": -0.1639,
    "gyro_y": 0.2884,
    "gyro_z": 0.2647,
    "sound": 52.345,
    "lat": 12.92562,
    "long": 77.68664,
    "time": "2018-08-09 09:33:50:136"
  },
  {
    "gyro_x": -0.1932,
    "gyro_y": 0.1243,
    "gyro_z": 0.1491,
    "sound": 52.345,
    "lat": 12.92562,
    "long": 77.68664,
    "time": "2018-08-09 09:33:50:236"
  },
  {
    "gyro_x": -0.4382,
    "gyro_y": -0.0403,
    "gyro_z": 0.163,
    "sound": 41.599,
    "lat": 12.92562,
    "long": 77.68664,
    "time": "2018-08-09 09:33:50:336"
  },
  {
    "gyro_x": -0.0217,
    "gyro_y": 0.1866,
    "gyro_z": 0.0815,
    "sound": 41.599,
    "lat": 12.92562,
    "long": 77.68664,
    "time": "2018-08-09 09:33:50:436"
  },
  {
    "gyro_x": 0.2372,
    "gyro_y": -0.028,
    "gyro_z": 0.1257,
    "sound": 41.599,
    "lat": 12.92562,
    "long": 77.68664,
    "time": "2018-08-09 09:33:50:536"
  },
  {
    "gyro_x": 0.112,
    "gyro_y": -0.0839,
    "gyro_z": 0.098,
    "sound": 43.436,
    "lat": 12.92562,
    "long": 77.68664,
    "time": "2018-08-09 09:33:50:636"
  },
  {
    "gyro_x": 0.0753,
    "gyro_y": 0.0439,
    "gyro_z": 0.0724,
    "sound": 43.436,
    "lat": 12.92562,
    "long": 77.68664,
    "time": "2018-08-09 09:33:50:736"
  },
  {
    "gyro_x": 0.1765,
    "gyro_y": 0.0412,
    "gyro_z": 0.1209,
    "sound": 43.436,
    "lat": 12.92562,
    "long": 77.68664,
    "time": "2018-08-09 09:33:50:836"
  },
  {
    "gyro_x": 0.0188,
    "gyro_y": 0.1366,
    "gyro_z": 0.2157,
    "sound": 43.436,
    "lat": 12.92562,
    "long": 77.68664,
    "time": "2018-08-09 09:33:50:936"
  },
  {
    "gyro_x": -0.101,
    "gyro_y": 0.1472,
    "gyro_z": 0.343,
    "sound": 43.598,
    "lat": 12.92562,
    "long": 77.68664,
    "time": "2018-08-09 09:33:51:036"
  },
  {
    "gyro_x": 0.1078,
    "gyro_y": 0.3235,
    "gyro_z": 0.3473,
    "sound": 43.598,
    "lat": 12.92562,
    "long": 77.68664,
    "time": "2018-08-09 09:33:51:136"
  },
  {
    "gyro_x": 0.0652,
    "gyro_y": 0.2394,
    "gyro_z": 0.4032,
    "sound": 43.598,
    "lat": 12.92562,
    "long": 77.68664,
    "time": "2018-08-09 09:33:51:235"
  },
  {
    "gyro_x": 0.1563,
    "gyro_y": 0.3598,
    "gyro_z": 0.3681,
    "sound": 42.941,
    "lat": 12.92562,
    "long": 77.68664,
    "time": "2018-08-09 09:33:51:336"
  },
  {
    "gyro_x": 0.3475,
    "gyro_y": 0.1334,
    "gyro_z": 0.3414,
    "sound": 42.941,
    "lat": 12.92562,
    "long": 77.68664,
    "time": "2018-08-09 09:33:51:436"
  },
  {
    "gyro_x": 0.308,
    "gyro_y": 0.0578,
    "gyro_z": 0.253,
    "sound": 42.941,
    "lat": 12.92562,
    "long": 77.68664,
    "time": "2018-08-09 09:33:51:536"
  },
  {
    "gyro_x": 0.2633,
    "gyro_y": 0.0189,
    "gyro_z": 0.3084,
    "sound": 45.194,
    "lat": 12.92562,
    "long": 77.68664,
    "time": "2018-08-09 09:33:51:635"
  },
  {
    "gyro_x": 0.2798,
    "gyro_y": 0.0237,
    "gyro_z": 0.2695,
    "sound": 45.194,
    "lat": 12.92562,
    "long": 77.68664,
    "time": "2018-08-09 09:33:51:736"
  },
  {
    "gyro_x": 0.2015,
    "gyro_y": -0.0951,
    "gyro_z": 0.2615,
    "sound": 45.194,
    "lat": 12.92562,
    "long": 77.68664,
    "time": "2018-08-09 09:33:51:836"
  },
  {
    "gyro_x": 0.6276,
    "gyro_y": -0.7694,
    "gyro_z": 0.1955,
    "sound": 44.49,
    "lat": 12.92562,
    "long": 77.68664,
    "time": "2018-08-09 09:33:51:937"
  },
  {
    "gyro_x": 0.2766,
    "gyro_y": -0.461,
    "gyro_z": 0.0708,
    "sound": 44.49,
    "lat": 12.92562,
    "long": 77.68664,
    "time": "2018-08-09 09:33:52:038"
  },
  {
    "gyro_x": 0.0353,
    "gyro_y": -0.3673,
    "gyro_z": -0.009,
    "sound": 44.49,
    "lat": 12.92562,
    "long": 77.68664,
    "time": "2018-08-09 09:33:52:136"
  },
  {
    "gyro_x": -0.1197,
    "gyro_y": -0.4046,
    "gyro_z": -0.1955,
    "sound": 44.49,
    "lat": 12.92562,
    "long": 77.68664,
    "time": "2018-08-09 09:33:52:236"
  },
  {
    "gyro_x": -0.1783,
    "gyro_y": -0.5036,
    "gyro_z": -0.2359,
    "sound": 43.661,
    "lat": 12.92562,
    "long": 77.68664,
    "time": "2018-08-09 09:33:52:336"
  },
  {
    "gyro_x": -0.166,
    "gyro_y": -0.5601,
    "gyro_z": -0.294,
    "sound": 43.661,
    "lat": 12.92562,
    "long": 77.68664,
    "time": "2018-08-09 09:33:52:436"
  },
  {
    "gyro_x": -0.2922,
    "gyro_y": -0.4493,
    "gyro_z": -0.2993,
    "sound": 43.661,
    "lat": 12.92562,
    "long": 77.68664,
    "time": "2018-08-09 09:33:52:536"
  },
  {
    "gyro_x": -0.3913,
    "gyro_y": -0.4871,
    "gyro_z": -0.367,
    "sound": 43.558,
    "lat": 12.92562,
    "long": 77.68664,
    "time": "2018-08-09 09:33:52:635"
  },
  {
    "gyro_x": -0.3508,
    "gyro_y": -0.4472,
    "gyro_z": -0.4352,
    "sound": 43.558,
    "lat": 12.92562,
    "long": 77.68664,
    "time": "2018-08-09 09:33:52:736"
  },
  {
    "gyro_x": 0.1563,
    "gyro_y": -0.6917,
    "gyro_z": -0.5726,
    "sound": 43.558,
    "lat": 12.92562,
    "long": 77.68664,
    "time": "2018-08-09 09:33:52:836"
  },
  {
    "gyro_x": 0.3906,
    "gyro_y": -0.7657,
    "gyro_z": -0.4879,
    "sound": 42.649,
    "lat": 12.92562,
    "long": 77.68664,
    "time": "2018-08-09 09:33:52:936"
  },
  {
    "gyro_x": 0.5195,
    "gyro_y": -0.771,
    "gyro_z": -0.3462,
    "sound": 42.649,
    "lat": 12.92562,
    "long": 77.68664,
    "time": "2018-08-09 09:33:53:036"
  },
  {
    "gyro_x": 0.838,
    "gyro_y": -0.9409,
    "gyro_z": -0.278,
    "sound": 42.649,
    "lat": 12.92562,
    "long": 77.68664,
    "time": "2018-08-09 09:33:53:136"
  },
  {
    "gyro_x": 0.7789,
    "gyro_y": -0.2943,
    "gyro_z": -0.1071,
    "sound": 44.915,
    "lat": 12.92562,
    "long": 77.68664,
    "time": "2018-08-09 09:33:53:236"
  },
  {
    "gyro_x": 1.4063,
    "gyro_y": -0.7385,
    "gyro_z": -0.0527,
    "sound": 44.915,
    "lat": 12.92562,
    "long": 77.68664,
    "time": "2018-08-09 09:33:53:336"
  },
  {
    "gyro_x": 3.6045,
    "gyro_y": -1.603,
    "gyro_z": -0.9135,
    "sound": 44.915,
    "lat": 12.92562,
    "long": 77.68664,
    "time": "2018-08-09 09:33:53:436"
  },
  {
    "gyro_x": 5.3617,
    "gyro_y": -2.2331,
    "gyro_z": -0.8357,
    "sound": 44.915,
    "lat": 12.92562,
    "long": 77.68664,
    "time": "2018-08-09 09:33:53:536"
  },
  {
    "gyro_x": -1.9924,
    "gyro_y": -1.1694,
    "gyro_z": 0.0682,
    "sound": 43.146,
    "lat": 12.92562,
    "long": 77.68664,
    "time": "2018-08-09 09:33:53:636"
  },
  {
    "gyro_x": -6.9379,
    "gyro_y": 0.3848,
    "gyro_z": -1.4237,
    "sound": 43.146,
    "lat": 12.92562,
    "long": 77.68664,
    "time": "2018-08-09 09:33:53:736"
  },
  {
    "gyro_x": 0.7208,
    "gyro_y": -0.0472,
    "gyro_z": 0.1555,
    "sound": 43.146,
    "lat": 12.92562,
    "long": 77.68664,
    "time": "2018-08-09 09:33:53:836"
  },
  {
    "gyro_x": -0.4089,
    "gyro_y": 0.1669,
    "gyro_z": -0.3664,
    "sound": 46.704,
    "lat": 12.92562,
    "long": 77.68664,
    "time": "2018-08-09 09:33:53:936"
  },
  {
    "gyro_x": 0.4588,
    "gyro_y": 0.0402,
    "gyro_z": 0.2211,
    "sound": 46.704,
    "lat": 12.92562,
    "long": 77.68664,
    "time": "2018-08-09 09:33:54:036"
  },
  {
    "gyro_x": 0.1035,
    "gyro_y": 0.5419,
    "gyro_z": 0.547,
    "sound": 46.704,
    "lat": 12.92562,
    "long": 77.68664,
    "time": "2018-08-09 09:33:54:136"
  },
  {
    "gyro_x": 0.3586,
    "gyro_y": 0.3022,
    "gyro_z": 0.5193,
    "sound": 51.576,
    "lat": 12.92562,
    "long": 77.68664,
    "time": "2018-08-09 09:33:54:236"
  },
  {
    "gyro_x": 0.2132,
    "gyro_y": 0.1036,
    "gyro_z": 0.3814,
    "sound": 51.576,
    "lat": 12.92562,
    "long": 77.68664,
    "time": "2018-08-09 09:33:54:336"
  },
  {
    "gyro_x": 0.1397,
    "gyro_y": 0.1222,
    "gyro_z": 0.2024,
    "sound": 51.576,
    "lat": 12.92562,
    "long": 77.68664,
    "time": "2018-08-09 09:33:54:435"
  },
  {
    "gyro_x": 0.0859,
    "gyro_y": 0.1531,
    "gyro_z": 0.1294,
    "sound": 51.576,
    "lat": 12.92562,
    "long": 77.68664,
    "time": "2018-08-09 09:33:54:536"
  },
  {
    "gyro_x": 0.0875,
    "gyro_y": 0.1808,
    "gyro_z": 0.1689,
    "sound": 40.562,
    "lat": 12.92562,
    "long": 77.68664,
    "time": "2018-08-09 09:33:54:635"
  },
  {
    "gyro_x": 0.193,
    "gyro_y": 0.2325,
    "gyro_z": 0.2232,
    "sound": 40.562,
    "lat": 12.92562,
    "long": 77.68664,
    "time": "2018-08-09 09:33:54:736"
  },
  {
    "gyro_x": 0.2692,
    "gyro_y": 0.258,
    "gyro_z": 0.2844,
    "sound": 40.562,
    "lat": 12.92562,
    "long": 77.68664,
    "time": "2018-08-09 09:33:54:835"
  },
  {
    "gyro_x": 0.1419,
    "gyro_y": 0.2687,
    "gyro_z": 0.3137,
    "sound": 36.863,
    "lat": 12.92562,
    "long": 77.68664,
    "time": "2018-08-09 09:33:54:936"
  },
  {
    "gyro_x": 0.2154,
    "gyro_y": -0.0871,
    "gyro_z": 0.4064,
    "sound": 36.863,
    "lat": 12.92562,
    "long": 77.68664,
    "time": "2018-08-09 09:33:55:036"
  },
  {
    "gyro_x": 0.1648,
    "gyro_y": -0.0557,
    "gyro_z": 0.343,
    "sound": 36.863,
    "lat": 12.92562,
    "long": 77.68664,
    "time": "2018-08-09 09:33:55:136"
  },
  {
    "gyro_x": 0.1818,
    "gyro_y": 0.0791,
    "gyro_z": 0.1768,
    "sound": 37.674,
    "lat": 12.92562,
    "long": 77.68664,
    "time": "2018-08-09 09:33:55:236"
  },
  {
    "gyro_x": 0.1477,
    "gyro_y": 0.0721,
    "gyro_z": 0.1827,
    "sound": 37.674,
    "lat": 12.92562,
    "long": 77.68664,
    "time": "2018-08-09 09:33:55:336"
  },
  {
    "gyro_x": 0.1504,
    "gyro_y": -0.0994,
    "gyro_z": 0.0543,
    "sound": 37.674,
    "lat": 12.92562,
    "long": 77.68664,
    "time": "2018-08-09 09:33:55:436"
  },
  {
    "gyro_x": -0.0201,
    "gyro_y": -0.2341,
    "gyro_z": -0.0303,
    "sound": 40.554,
    "lat": 12.92562,
    "long": 77.68664,
    "time": "2018-08-09 09:33:55:536"
  },
  {
    "gyro_x": -0.3194,
    "gyro_y": -0.3902,
    "gyro_z": -0.0852,
    "sound": 40.554,
    "lat": 12.92562,
    "long": 77.68664,
    "time": "2018-08-09 09:33:55:636"
  },
  {
    "gyro_x": -0.7519,
    "gyro_y": -1.2493,
    "gyro_z": 0.0474,
    "sound": 40.554,
    "lat": 12.92562,
    "long": 77.68664,
    "time": "2018-08-09 09:33:55:736"
  },
  {
    "gyro_x": -1.1343,
    "gyro_y": 0.2372,
    "gyro_z": 0.0075,
    "sound": 40.554,
    "lat": 12.92562,
    "long": 77.68664,
    "time": "2018-08-09 09:33:55:836"
  },
  {
    "gyro_x": -0.0973,
    "gyro_y": -1.3958,
    "gyro_z": -1.0131,
    "sound": 38.604,
    "lat": 12.92562,
    "long": 77.68664,
    "time": "2018-08-09 09:33:55:936"
  },
  {
    "gyro_x": 0.2068,
    "gyro_y": -2.264,
    "gyro_z": -0.9896,
    "sound": 38.604,
    "lat": 12.92562,
    "long": 77.68664,
    "time": "2018-08-09 09:33:56:036"
  },
  {
    "gyro_x": 0.3336,
    "gyro_y": -2.7199,
    "gyro_z": -1.2421,
    "sound": 38.604,
    "lat": 12.92562,
    "long": 77.68664,
    "time": "2018-08-09 09:33:56:136"
  },
  {
    "gyro_x": 0.144,
    "gyro_y": -1.0826,
    "gyro_z": -0.7276,
    "sound": 36.145,
    "lat": 12.92562,
    "long": 77.68664,
    "time": "2018-08-09 09:33:56:236"
  },
  {
    "gyro_x": 3.0719,
    "gyro_y": -6.802,
    "gyro_z": -7.7066,
    "sound": 36.145,
    "lat": 12.92562,
    "long": 77.68664,
    "time": "2018-08-09 09:33:56:336"
  },
  {
    "gyro_x": -6.907,
    "gyro_y": 6.3242,
    "gyro_z": 14.7662,
    "sound": 36.145,
    "lat": 12.92562,
    "long": 77.68664,
    "time": "2018-08-09 09:33:56:436"
  },
  {
    "gyro_x": 0.3879,
    "gyro_y": -0.7449,
    "gyro_z": 0.2029,
    "sound": 36.145,
    "lat": 12.92562,
    "long": 77.68664,
    "time": "2018-08-09 09:33:56:536"
  },
  {
    "gyro_x": 0.781,
    "gyro_y": -0.2608,
    "gyro_z": -0.841,
    "sound": 35.12,
    "lat": 12.92562,
    "long": 77.68664,
    "time": "2018-08-09 09:33:56:636"
  },
  {
    "gyro_x": 0.1451,
    "gyro_y": 1.1081,
    "gyro_z": -0.2056,
    "sound": 35.12,
    "lat": 12.92562,
    "long": 77.68664,
    "time": "2018-08-09 09:33:56:736"
  },
  {
    "gyro_x": -0.1612,
    "gyro_y": 1.0767,
    "gyro_z": 0.3121,
    "sound": 35.12,
    "lat": 12.92562,
    "long": 77.68664,
    "time": "2018-08-09 09:33:56:835"
  },
  {
    "gyro_x": -0.5575,
    "gyro_y": 0.9196,
    "gyro_z": 0.2418,
    "sound": 47.732,
    "lat": 12.92562,
    "long": 77.68664,
    "time": "2018-08-09 09:33:56:936"
  },
  {
    "gyro_x": -0.7551,
    "gyro_y": 0.8594,
    "gyro_z": 0.3073,
    "sound": 47.732,
    "lat": 12.92562,
    "long": 77.68664,
    "time": "2018-08-09 09:33:57:036"
  },
  {
    "gyro_x": -0.1239,
    "gyro_y": 1.0032,
    "gyro_z": 0.286,
    "sound": 47.732,
    "lat": 12.92562,
    "long": 77.68664,
    "time": "2018-08-09 09:33:57:136"
  },
  {
    "gyro_x": -0.386,
    "gyro_y": 0.7278,
    "gyro_z": 0.4858,
    "sound": 37.129,
    "lat": 12.92562,
    "long": 77.68664,
    "time": "2018-08-09 09:33:57:236"
  },
  {
    "gyro_x": -0.7764,
    "gyro_y": 0.723,
    "gyro_z": 0.1513,
    "sound": 37.129,
    "lat": 12.92562,
    "long": 77.68664,
    "time": "2018-08-09 09:33:57:336"
  },
  {
    "gyro_x": -0.8792,
    "gyro_y": 0.454,
    "gyro_z": -0.1891,
    "sound": 37.129,
    "lat": 12.92562,
    "long": 77.68664,
    "time": "2018-08-09 09:33:57:436"
  },
  {
    "gyro_x": -1.7469,
    "gyro_y": -0.1766,
    "gyro_z": 0.4836,
    "sound": 37.776,
    "lat": 12.92562,
    "long": 77.68664,
    "time": "2018-08-09 09:33:57:536"
  },
  {
    "gyro_x": 1.2093,
    "gyro_y": -0.893,
    "gyro_z": -0.024,
    "sound": 37.776,
    "lat": 12.92562,
    "long": 77.68664,
    "time": "2018-08-09 09:33:57:636"
  },
  {
    "gyro_x": 1.5848,
    "gyro_y": 0.4993,
    "gyro_z": 1.3731,
    "sound": 37.776,
    "lat": 12.92562,
    "long": 77.68664,
    "time": "2018-08-09 09:33:57:736"
  },
  {
    "gyro_x": 2.4029,
    "gyro_y": 0.1946,
    "gyro_z": 0.5119,
    "sound": 37.776,
    "lat": 12.92562,
    "long": 77.68664,
    "time": "2018-08-09 09:33:57:835"
  },
  {
    "gyro_x": 0.2569,
    "gyro_y": 0.6527,
    "gyro_z": -0.8618,
    "sound": 39.72,
    "lat": 12.92562,
    "long": 77.68664,
    "time": "2018-08-09 09:33:57:936"
  },
  {
    "gyro_x": -0.182,
    "gyro_y": -0.2789,
    "gyro_z": -0.049,
    "sound": 39.72,
    "lat": 12.92562,
    "long": 77.68664,
    "time": "2018-08-09 09:33:58:036"
  },
  {
    "gyro_x": -0.7125,
    "gyro_y": 0.616,
    "gyro_z": -0.4788,
    "sound": 39.72,
    "lat": 12.92562,
    "long": 77.68664,
    "time": "2018-08-09 09:33:58:137"
  },
  {
    "gyro_x": -0.402,
    "gyro_y": 0.5978,
    "gyro_z": -0.2519,
    "sound": 42.582,
    "lat": 12.92562,
    "long": 77.68664,
    "time": "2018-08-09 09:33:58:236"
  },
  {
    "gyro_x": -0.8195,
    "gyro_y": -0.0152,
    "gyro_z": -0.0586,
    "sound": 42.582,
    "lat": 12.92562,
    "long": 77.68664,
    "time": "2018-08-09 09:33:58:336"
  },
  {
    "gyro_x": -0.1559,
    "gyro_y": 0.0519,
    "gyro_z": 0.2972,
    "sound": 42.582,
    "lat": 12.92562,
    "long": 77.68664,
    "time": "2018-08-09 09:33:58:436"
  },
  {
    "gyro_x": 0.2207,
    "gyro_y": 0.2026,
    "gyro_z": 0.4868,
    "sound": 36.9,
    "lat": 12.92562,
    "long": 77.68664,
    "time": "2018-08-09 09:33:58:537"
  },
  {
    "gyro_x": 0.8039,
    "gyro_y": 0.2032,
    "gyro_z": 0.4171,
    "sound": 36.9,
    "lat": 12.92562,
    "long": 77.68664,
    "time": "2018-08-09 09:33:58:638"
  },
  {
    "gyro_x": 0.6297,
    "gyro_y": 0.5909,
    "gyro_z": 0.6163,
    "sound": 36.9,
    "lat": 12.92562,
    "long": 77.68664,
    "time": "2018-08-09 09:33:58:736"
  },
  {
    "gyro_x": 0.7661,
    "gyro_y": 0.4045,
    "gyro_z": 0.6301,
    "sound": 42.039,
    "lat": 12.92562,
    "long": 77.68664,
    "time": "2018-08-09 09:33:58:836"
  },
  {
    "gyro_x": 0.7906,
    "gyro_y": 0.2378,
    "gyro_z": 0.2333,
    "sound": 42.039,
    "lat": 12.92562,
    "long": 77.68664,
    "time": "2018-08-09 09:33:58:936"
  },
  {
    "gyro_x": -0.0291,
    "gyro_y": 0.4109,
    "gyro_z": -0.0277,
    "sound": 42.039,
    "lat": 12.92562,
    "long": 77.68664,
    "time": "2018-08-09 09:33:59:036"
  },
  {
    "gyro_x": -0.7972,
    "gyro_y": -0.1766,
    "gyro_z": -0.5545,
    "sound": 42.039,
    "lat": 12.92562,
    "long": 77.68664,
    "time": "2018-08-09 09:33:59:136"
  },
  {
    "gyro_x": 0.2239,
    "gyro_y": -0.7769,
    "gyro_z": 0.8394,
    "sound": 40.947,
    "lat": 12.92562,
    "long": 77.68664,
    "time": "2018-08-09 09:33:59:236"
  },
  {
    "gyro_x": -0.9831,
    "gyro_y": 2.5782,
    "gyro_z": 0.057,
    "sound": 40.947,
    "lat": 12.92562,
    "long": 77.68664,
    "time": "2018-08-09 09:33:59:337"
  },
  {
    "gyro_x": -3.9109,
    "gyro_y": 1.6216,
    "gyro_z": -0.2056,
    "sound": 40.947,
    "lat": 12.92562,
    "long": 77.68664,
    "time": "2018-08-09 09:33:59:436"
  },
  {
    "gyro_x": -1.6595,
    "gyro_y": 0.0695,
    "gyro_z": -0.2365,
    "sound": 54.228,
    "lat": 12.92562,
    "long": 77.68664,
    "time": "2018-08-09 09:33:59:536"
  },
  {
    "gyro_x": -0.4286,
    "gyro_y": 0.0151,
    "gyro_z": 0.2594,
    "sound": 54.228,
    "lat": 12.92562,
    "long": 77.68664,
    "time": "2018-08-09 09:33:59:636"
  },
  {
    "gyro_x": -0.8653,
    "gyro_y": -0.322,
    "gyro_z": 0.0772,
    "sound": 54.228,
    "lat": 12.92562,
    "long": 77.68664,
    "time": "2018-08-09 09:33:59:736"
  },
  {
    "gyro_x": -0.4904,
    "gyro_y": -0.477,
    "gyro_z": 0.1854,
    "sound": 47.133,
    "lat": 12.92562,
    "long": 77.68664,
    "time": "2018-08-09 09:33:59:836"
  },
  {
    "gyro_x": -0.5293,
    "gyro_y": -0.4147,
    "gyro_z": 0.3366,
    "sound": 47.133,
    "lat": 12.92562,
    "long": 77.68664,
    "time": "2018-08-09 09:33:59:936"
  },
  {
    "gyro_x": -0.6219,
    "gyro_y": -0.6187,
    "gyro_z": 0.1731,
    "sound": 47.133,
    "lat": 12.92562,
    "long": 77.68664,
    "time": "2018-08-09 09:34:00:036"
  },
  {
    "gyro_x": -0.4515,
    "gyro_y": -0.7886,
    "gyro_z": 0.1113,
    "sound": 47.133,
    "lat": 12.92562,
    "long": 77.68664,
    "time": "2018-08-09 09:34:00:136"
  },
  {
    "gyro_x": -0.5665,
    "gyro_y": -0.3918,
    "gyro_z": 0.1976,
    "sound": 36.788,
    "lat": 12.92562,
    "long": 77.68664,
    "time": "2018-08-09 09:34:00:236"
  },
  {
    "gyro_x": -0.1223,
    "gyro_y": -0.4834,
    "gyro_z": 12.56,
    "sound": 36.788,
    "lat": 12.92562,
    "long": 77.68664,
    "time": "2018-08-09 09:34:00:336"
  },
  {
    "gyro_x": -0.2422,
    "gyro_y": -0.1942,
    "gyro_z": 0.0053,
    "sound": 36.788,
    "lat": 12.92562,
    "long": 77.68664,
    "time": "2018-08-09 09:34:00:436"
  },
  {
    "gyro_x": -0.1133,
    "gyro_y": 0.1542,
    "gyro_z": -0.0149,
    "sound": 38.031,
    "lat": 12.92562,
    "long": 77.68664,
    "time": "2018-08-09 09:34:00:536"
  },
  {
    "gyro_x": -0.2379,
    "gyro_y": 0.4173,
    "gyro_z": 0.1566,
    "sound": 38.031,
    "lat": 12.92562,
    "long": 77.68664,
    "time": "2018-08-09 09:34:00:636"
  },
  {
    "gyro_x": 0.1072,
    "gyro_y": 0.38,
    "gyro_z": -0.1491,
    "sound": 38.031,
    "lat": 12.92562,
    "long": 77.68664,
    "time": "2018-08-09 09:34:00:736"
  },
  {
    "gyro_x": 0.1296,
    "gyro_y": 0.5052,
    "gyro_z": -0.0543,
    "sound": 37.065,
    "lat": 12.92562,
    "long": 77.68664,
    "time": "2018-08-09 09:34:00:836"
  },
  {
    "gyro_x": 0.128,
    "gyro_y": 0.4572,
    "gyro_z": -0.0293,
    "sound": 37.065,
    "lat": 12.92562,
    "long": 77.68664,
    "time": "2018-08-09 09:34:00:936"
  },
  {
    "gyro_x": 0.1499,
    "gyro_y": 0.5851,
    "gyro_z": -0.0181,
    "sound": 37.065,
    "lat": 12.92562,
    "long": 77.68664,
    "time": "2018-08-09 09:34:01:036"
  },
  {
    "gyro_x": 0.005,
    "gyro_y": 0.5089,
    "gyro_z": 0.1241,
    "sound": 37.065,
    "lat": 12.92562,
    "long": 77.68664,
    "time": "2018-08-09 09:34:01:136"
  },
  {
    "gyro_x": 0.3027,
    "gyro_y": 0.3278,
    "gyro_z": 0.13,
    "sound": 41.566,
    "lat": 12.92562,
    "long": 77.68664,
    "time": "2018-08-09 09:34:01:236"
  },
  {
    "gyro_x": -0.0147,
    "gyro_y": 0.4615,
    "gyro_z": 0.0613,
    "sound": 41.566,
    "lat": 12.92562,
    "long": 77.68664,
    "time": "2018-08-09 09:34:01:336"
  },
  {
    "gyro_x": -0.2193,
    "gyro_y": 0.3235,
    "gyro_z": -0.1923,
    "sound": 41.566,
    "lat": 12.92562,
    "long": 77.68664,
    "time": "2018-08-09 09:34:01:436"
  },
  {
    "gyro_x": -0.606,
    "gyro_y": 0.0881,
    "gyro_z": -0.3547,
    "sound": 39.452,
    "lat": 12.92562,
    "long": 77.68664,
    "time": "2018-08-09 09:34:01:536"
  },
  {
    "gyro_x": -0.5649,
    "gyro_y": -0.0956,
    "gyro_z": -0.2972,
    "sound": 39.452,
    "lat": 12.92562,
    "long": 77.68664,
    "time": "2018-08-09 09:34:01:636"
  },
  {
    "gyro_x": -0.5165,
    "gyro_y": -0.1665,
    "gyro_z": -0.2003,
    "sound": 39.452,
    "lat": 12.92562,
    "long": 77.68664,
    "time": "2018-08-09 09:34:01:736"
  },
  {
    "gyro_x": -0.4621,
    "gyro_y": -0.248,
    "gyro_z": -0.0991,
    "sound": 42.721,
    "lat": 12.92562,
    "long": 77.68664,
    "time": "2018-08-09 09:34:01:836"
  },
  {
    "gyro_x": -0.4989,
    "gyro_y": -0.2954,
    "gyro_z": 0.0096,
    "sound": 42.721,
    "lat": 12.92562,
    "long": 77.68664,
    "time": "2018-08-09 09:34:01:936"
  },
  {
    "gyro_x": -0.5159,
    "gyro_y": -0.5356,
    "gyro_z": -0.1438,
    "sound": 42.721,
    "lat": 12.92562,
    "long": 77.68664,
    "time": "2018-08-09 09:34:02:036"
  },
  {
    "gyro_x": -0.387,
    "gyro_y": -0.4573,
    "gyro_z": -0.2626,
    "sound": 42.721,
    "lat": 12.92562,
    "long": 77.68664,
    "time": "2018-08-09 09:34:02:136"
  },
  {
    "gyro_x": -0.2001,
    "gyro_y": -0.3998,
    "gyro_z": -0.1752,
    "sound": 43.421,
    "lat": 12.92562,
    "long": 77.68664,
    "time": "2018-08-09 09:34:02:236"
  },
  {
    "gyro_x": -0.4424,
    "gyro_y": 0.0945,
    "gyro_z": 0.033,
    "sound": 43.421,
    "lat": 12.92562,
    "long": 77.68664,
    "time": "2018-08-09 09:34:02:336"
  },
  {
    "gyro_x": -1.9977,
    "gyro_y": 1.1965,
    "gyro_z": 0.1039,
    "sound": 43.421,
    "lat": 12.92562,
    "long": 77.68664,
    "time": "2018-08-09 09:34:02:436"
  },
  {
    "gyro_x": -2.5719,
    "gyro_y": 1.1134,
    "gyro_z": -0.213,
    "sound": 40.501,
    "lat": 12.92562,
    "long": 77.68664,
    "time": "2018-08-09 09:34:02:536"
  },
  {
    "gyro_x": -5.1903,
    "gyro_y": 0.8253,
    "gyro_z": -0.7952,
    "sound": 40.501,
    "lat": 12.92562,
    "long": 77.68664,
    "time": "2018-08-09 09:34:02:636"
  },
  {
    "gyro_x": 17.3501,
    "gyro_y": -10.4447,
    "gyro_z": 2.6839,
    "sound": 40.501,
    "lat": 12.92562,
    "long": 77.68664,
    "time": "2018-08-09 09:34:02:736"
  },
  {
    "gyro_x": -4.0159,
    "gyro_y": 1.0165,
    "gyro_z": -0.1071,
    "sound": 43.617,
    "lat": 12.92562,
    "long": 77.68664,
    "time": "2018-08-09 09:34:02:835"
  },
  {
    "gyro_x": -0.1793,
    "gyro_y": 0.0327,
    "gyro_z": -0.2519,
    "sound": 43.617,
    "lat": 12.92562,
    "long": 77.68664,
    "time": "2018-08-09 09:34:02:935"
  },
  {
    "gyro_x": -1.0933,
    "gyro_y": 0.1904,
    "gyro_z": -0.032,
    "sound": 43.617,
    "lat": 12.92562,
    "long": 77.68664,
    "time": "2018-08-09 09:34:03:036"
  },
  {
    "gyro_x": -0.7876,
    "gyro_y": 0.3715,
    "gyro_z": 0.0804,
    "sound": 43.617,
    "lat": 12.92562,
    "long": 77.68664,
    "time": "2018-08-09 09:34:03:136"
  },
  {
    "gyro_x": -0.1857,
    "gyro_y": 0.3123,
    "gyro_z": -0.0053,
    "sound": 54.803,
    "lat": 12.92562,
    "long": 77.68664,
    "time": "2018-08-09 09:34:03:236"
  },
  {
    "gyro_x": 0.055,
    "gyro_y": 0.3347,
    "gyro_z": 0.1252,
    "sound": 54.803,
    "lat": 12.92562,
    "long": 77.68664,
    "time": "2018-08-09 09:34:03:336"
  },
  {
    "gyro_x": -0.3583,
    "gyro_y": 0.3592,
    "gyro_z": 0.1742,
    "sound": 54.803,
    "lat": 12.92562,
    "long": 77.68664,
    "time": "2018-08-09 09:34:03:436"
  },
  {
    "gyro_x": -0.0685,
    "gyro_y": 0.1898,
    "gyro_z": 0.2727,
    "sound": 43.479,
    "lat": 12.92562,
    "long": 77.68664,
    "time": "2018-08-09 09:34:03:536"
  },
  {
    "gyro_x": 0.3645,
    "gyro_y": 0.2468,
    "gyro_z": 0.1774,
    "sound": 43.479,
    "lat": 12.92562,
    "long": 77.68664,
    "time": "2018-08-09 09:34:03:636"
  },
  {
    "gyro_x": 0.2068,
    "gyro_y": 0.2016,
    "gyro_z": 0.0868,
    "sound": 43.479,
    "lat": 12.92562,
    "long": 77.68664,
    "time": "2018-08-09 09:34:03:736"
  },
  {
    "gyro_x": 0.1264,
    "gyro_y": 0.0503,
    "gyro_z": 0.0469,
    "sound": 43.479,
    "lat": 12.92562,
    "long": 77.68664,
    "time": "2018-08-09 09:34:03:836"
  },
  {
    "gyro_x": 0.0407,
    "gyro_y": 0.0498,
    "gyro_z": 0.0011,
    "sound": 46.223,
    "lat": 12.92562,
    "long": 77.68664,
    "time": "2018-08-09 09:34:03:936"
  },
  {
    "gyro_x": -0.0898,
    "gyro_y": 0.1898,
    "gyro_z": 0.0756,
    "sound": 46.223,
    "lat": 12.92562,
    "long": 77.68664,
    "time": "2018-08-09 09:34:04:036"
  },
  {
    "gyro_x": -0.3008,
    "gyro_y": 0.2506,
    "gyro_z": 0.1518,
    "sound": 46.223,
    "lat": 12.92562,
    "long": 77.68664,
    "time": "2018-08-09 09:34:04:136"
  },
  {
    "gyro_x": 0.0881,
    "gyro_y": 0.2266,
    "gyro_z": -0.0186,
    "sound": 47.224,
    "lat": 12.92562,
    "long": 77.68664,
    "time": "2018-08-09 09:34:04:236"
  },
  {
    "gyro_x": -0.1229,
    "gyro_y": 0.3491,
    "gyro_z": 0.0202,
    "sound": 47.224,
    "lat": 12.92562,
    "long": 77.68664,
    "time": "2018-08-09 09:34:04:336"
  },
  {
    "gyro_x": 0.1738,
    "gyro_y": 0.3097,
    "gyro_z": 0.0559,
    "sound": 47.224,
    "lat": 12.92562,
    "long": 77.68664,
    "time": "2018-08-09 09:34:04:436"
  },
  {
    "gyro_x": 0.1935,
    "gyro_y": 0.3257,
    "gyro_z": 0.0421,
    "sound": 46.081,
    "lat": 12.92562,
    "long": 77.68664,
    "time": "2018-08-09 09:34:04:536"
  },
  {
    "gyro_x": 0.2186,
    "gyro_y": 0.2916,
    "gyro_z": 0.0171,
    "sound": 46.081,
    "lat": 12.925623,
    "long": 77.68664,
    "time": "2018-08-09 09:34:04:636"
  },
  {
    "gyro_x": 0.1371,
    "gyro_y": 0.2404,
    "gyro_z": 0.0352,
    "sound": 46.081,
    "lat": 12.925623,
    "long": 77.68664,
    "time": "2018-08-09 09:34:04:736"
  },
  {
    "gyro_x": 0.1317,
    "gyro_y": 0.0215,
    "gyro_z": 0.0506,
    "sound": 44.108,
    "lat": 12.925623,
    "long": 77.68664,
    "time": "2018-08-09 09:34:04:836"
  },
  {
    "gyro_x": -0.068,
    "gyro_y": -0.0498,
    "gyro_z": 0.0133,
    "sound": 44.108,
    "lat": 12.925623,
    "long": 77.68664,
    "time": "2018-08-09 09:34:04:936"
  },
  {
    "gyro_x": -0.1245,
    "gyro_y": -0.1734,
    "gyro_z": 0.0522,
    "sound": 44.108,
    "lat": 12.925623,
    "long": 77.68664,
    "time": "2018-08-09 09:34:05:036"
  },
  {
    "gyro_x": -0.1031,
    "gyro_y": -0.2464,
    "gyro_z": -0.0229,
    "sound": 44.108,
    "lat": 12.925623,
    "long": 77.68664,
    "time": "2018-08-09 09:34:05:137"
  },
  {
    "gyro_x": -0.0691,
    "gyro_y": -0.2442,
    "gyro_z": 0.0005,
    "sound": 35.792,
    "lat": 12.925623,
    "long": 77.68664,
    "time": "2018-08-09 09:34:05:236"
  },
  {
    "gyro_x": -0.1543,
    "gyro_y": -0.2735,
    "gyro_z": 0.04,
    "sound": 35.792,
    "lat": 12.925623,
    "long": 77.68664,
    "time": "2018-08-09 09:34:05:336"
  },
  {
    "gyro_x": -0.1127,
    "gyro_y": -0.2943,
    "gyro_z": 0.0186,
    "sound": 35.792,
    "lat": 12.925623,
    "long": 77.68664,
    "time": "2018-08-09 09:34:05:436"
  },
  {
    "gyro_x": -0.1287,
    "gyro_y": -0.2682,
    "gyro_z": -0.0138,
    "sound": 40.628,
    "lat": 12.925623,
    "long": 77.68664,
    "time": "2018-08-09 09:34:05:535"
  },
  {
    "gyro_x": -0.1474,
    "gyro_y": -0.2379,
    "gyro_z": -0.009,
    "sound": 40.628,
    "lat": 12.925623,
    "long": 77.68664,
    "time": "2018-08-09 09:34:05:637"
  },
  {
    "gyro_x": -0.1324,
    "gyro_y": -0.2,
    "gyro_z": 0.0016,
    "sound": 40.628,
    "lat": 12.925623,
    "long": 77.68664,
    "time": "2018-08-09 09:34:05:736"
  },
  {
    "gyro_x": -0.1516,
    "gyro_y": -0.1649,
    "gyro_z": -0.0107,
    "sound": 38.592,
    "lat": 12.925623,
    "long": 77.68664,
    "time": "2018-08-09 09:34:05:836"
  },
  {
    "gyro_x": -0.0568,
    "gyro_y": -0.1766,
    "gyro_z": 0.016,
    "sound": 38.592,
    "lat": 12.925623,
    "long": 77.68664,
    "time": "2018-08-09 09:34:05:936"
  },
  {
    "gyro_x": -0.0339,
    "gyro_y": -0.0999,
    "gyro_z": -0.0133,
    "sound": 38.592,
    "lat": 12.925623,
    "long": 77.68664,
    "time": "2018-08-09 09:34:06:037"
  },
  {
    "gyro_x": -0.0509,
    "gyro_y": -0.0818,
    "gyro_z": 0.008,
    "sound": 38.592,
    "lat": 12.925623,
    "long": 77.68664,
    "time": "2018-08-09 09:34:06:136"
  },
  {
    "gyro_x": 0.0018,
    "gyro_y": -0.0141,
    "gyro_z": 0.0005,
    "sound": 36.02,
    "lat": 12.925623,
    "long": 77.68664,
    "time": "2018-08-09 09:34:06:236"
  },
  {
    "gyro_x": 0.0385,
    "gyro_y": 0.0189,
    "gyro_z": 0.0096,
    "sound": 36.02,
    "lat": 12.925623,
    "long": 77.68664,
    "time": "2018-08-09 09:34:06:336"
  },
  {
    "gyro_x": 0.0183,
    "gyro_y": 0.0476,
    "gyro_z": 0.0021,
    "sound": 36.02,
    "lat": 12.925623,
    "long": 77.68664,
    "time": "2018-08-09 09:34:06:436"
  },
  {
    "gyro_x": 0.0044,
    "gyro_y": 0.0737,
    "gyro_z": 0.0027,
    "sound": 39.823,
    "lat": 12.925623,
    "long": 77.68664,
    "time": "2018-08-09 09:34:06:536"
  },
  {
    "gyro_x": 0.038,
    "gyro_y": 0.0609,
    "gyro_z": 0.0133,
    "sound": 39.823,
    "lat": 12.925623,
    "long": 77.68664,
    "time": "2018-08-09 09:34:06:636"
  },
  {
    "gyro_x": 0.0242,
    "gyro_y": 0.0625,
    "gyro_z": 0.0043,
    "sound": 39.823,
    "lat": 12.925623,
    "long": 77.68664,
    "time": "2018-08-09 09:34:06:736"
  },
  {
    "gyro_x": 0.0236,
    "gyro_y": 0.0508,
    "gyro_z": 0.0059,
    "sound": 39.724,
    "lat": 12.925623,
    "long": 77.68664,
    "time": "2018-08-09 09:34:06:836"
  },
  {
    "gyro_x": 0.0023,
    "gyro_y": 0.0434,
    "gyro_z": 0.0064,
    "sound": 39.724,
    "lat": 12.925623,
    "long": 77.68664,
    "time": "2018-08-09 09:34:06:936"
  },
  {
    "gyro_x": 0.014,
    "gyro_y": 0.0221,
    "gyro_z": -0.0043,
    "sound": 39.724,
    "lat": 12.925623,
    "long": 77.68664,
    "time": "2018-08-09 09:34:07:036"
  },
  {
    "gyro_x": 0.0028,
    "gyro_y": 0.0072,
    "gyro_z": 0.0021,
    "sound": 39.724,
    "lat": 12.925623,
    "long": 77.68664,
    "time": "2018-08-09 09:34:07:136"
  },
  {
    "gyro_x": 0.0034,
    "gyro_y": -0.0072,
    "gyro_z": 0.0016,
    "sound": 40.218,
    "lat": 12.925623,
    "long": 77.68664,
    "time": "2018-08-09 09:34:07:236"
  },
  {
    "gyro_x": -0.0105,
    "gyro_y": -0.0062,
    "gyro_z": -0.0005,
    "sound": 40.218,
    "lat": 12.925623,
    "long": 77.68664,
    "time": "2018-08-09 09:34:07:336"
  },
  {
    "gyro_x": -0.0121,
    "gyro_y": -0.0365,
    "gyro_z": 0.008,
    "sound": 40.218,
    "lat": 12.925623,
    "long": 77.68664,
    "time": "2018-08-09 09:34:07:436"
  },
  {
    "gyro_x": -0.0249,
    "gyro_y": -0.0648,
    "gyro_z": 0.0155,
    "sound": 36.225,
    "lat": 12.925623,
    "long": 77.68664,
    "time": "2018-08-09 09:34:07:536"
  },
  {
    "gyro_x": -0.068,
    "gyro_y": -0.102,
    "gyro_z": -0.0053,
    "sound": 36.225,
    "lat": 12.925623,
    "long": 77.68664,
    "time": "2018-08-09 09:34:07:636"
  },
  {
    "gyro_x": -0.134,
    "gyro_y": -0.0738,
    "gyro_z": -0.0053,
    "sound": 36.225,
    "lat": 12.925623,
    "long": 77.68664,
    "time": "2018-08-09 09:34:07:736"
  },
  {
    "gyro_x": -0.1703,
    "gyro_y": -0.0738,
    "gyro_z": -0.0074,
    "sound": 36.642,
    "lat": 12.925623,
    "long": 77.68664,
    "time": "2018-08-09 09:34:07:836"
  },
  {
    "gyro_x": -0.1202,
    "gyro_y": -0.1537,
    "gyro_z": -0.0447,
    "sound": 36.642,
    "lat": 12.925623,
    "long": 77.68664,
    "time": "2018-08-09 09:34:07:936"
  },
  {
    "gyro_x": -0.0829,
    "gyro_y": -0.1345,
    "gyro_z": -0.0463,
    "sound": 36.642,
    "lat": 12.925623,
    "long": 77.68664,
    "time": "2018-08-09 09:34:08:036"
  },
  {
    "gyro_x": -0.0515,
    "gyro_y": -0.0951,
    "gyro_z": -0.0298,
    "sound": 46.942,
    "lat": 12.925623,
    "long": 77.68664,
    "time": "2018-08-09 09:34:08:136"
  },
  {
    "gyro_x": -0.06,
    "gyro_y": -0.1095,
    "gyro_z": 0.0453,
    "sound": 46.942,
    "lat": 12.925623,
    "long": 77.68664,
    "time": "2018-08-09 09:34:08:236"
  },
  {
    "gyro_x": -0.109,
    "gyro_y": -0.1718,
    "gyro_z": -0.009,
    "sound": 46.942,
    "lat": 12.925623,
    "long": 77.68664,
    "time": "2018-08-09 09:34:08:336"
  },
  {
    "gyro_x": -0.1319,
    "gyro_y": -0.2554,
    "gyro_z": -0.0527,
    "sound": 46.942,
    "lat": 12.925623,
    "long": 77.68664,
    "time": "2018-08-09 09:34:08:436"
  },
  {
    "gyro_x": -0.1761,
    "gyro_y": -0.2544,
    "gyro_z": -0.024,
    "sound": 46.33,
    "lat": 12.925623,
    "long": 77.68664,
    "time": "2018-08-09 09:34:08:536"
  },
  {
    "gyro_x": -0.1229,
    "gyro_y": -0.2187,
    "gyro_z": 0.0549,
    "sound": 46.33,
    "lat": 12.925623,
    "long": 77.68664,
    "time": "2018-08-09 09:34:08:636"
  },
  {
    "gyro_x": -0.0296,
    "gyro_y": -0.1196,
    "gyro_z": -0.0336,
    "sound": 46.33,
    "lat": 12.925623,
    "long": 77.68664,
    "time": "2018-08-09 09:34:08:736"
  },
  {
    "gyro_x": 0.0513,
    "gyro_y": -0.2203,
    "gyro_z": -0.1108,
    "sound": 39.031,
    "lat": 12.925623,
    "long": 77.68664,
    "time": "2018-08-09 09:34:08:836"
  },
  {
    "gyro_x": -0.0179,
    "gyro_y": -0.1489,
    "gyro_z": -0.139,
    "sound": 39.031,
    "lat": 12.925623,
    "long": 77.68664,
    "time": "2018-08-09 09:34:08:936"
  },
  {
    "gyro_x": 0.0289,
    "gyro_y": -0.1953,
    "gyro_z": 0.0602,
    "sound": 39.031,
    "lat": 12.925623,
    "long": 77.68664,
    "time": "2018-08-09 09:34:09:036"
  },
  {
    "gyro_x": 0.0811,
    "gyro_y": -0.0621,
    "gyro_z": -0.0298,
    "sound": 39.031,
    "lat": 12.925623,
    "long": 77.68664,
    "time": "2018-08-09 09:34:09:136"
  },
  {
    "gyro_x": 0.1158,
    "gyro_y": -0.0275,
    "gyro_z": -0.0021,
    "sound": 41.893,
    "lat": 12.925623,
    "long": 77.68664,
    "time": "2018-08-09 09:34:09:237"
  },
  {
    "gyro_x": 0.0284,
    "gyro_y": 0.0769,
    "gyro_z": -0.0943,
    "sound": 41.893,
    "lat": 12.925623,
    "long": 77.68664,
    "time": "2018-08-09 09:34:09:336"
  },
  {
    "gyro_x": 0.0657,
    "gyro_y": 0.0844,
    "gyro_z": -0.032,
    "sound": 41.893,
    "lat": 12.925623,
    "long": 77.68664,
    "time": "2018-08-09 09:34:09:436"
  },
  {
    "gyro_x": 0.103,
    "gyro_y": 0.2021,
    "gyro_z": -0.0351,
    "sound": 45.51,
    "lat": 12.925623,
    "long": 77.68664,
    "time": "2018-08-09 09:34:09:536"
  },
  {
    "gyro_x": 0.1211,
    "gyro_y": 0.1696,
    "gyro_z": -0.0511,
    "sound": 45.51,
    "lat": 12.925623,
    "long": 77.68664,
    "time": "2018-08-09 09:34:09:636"
  },
  {
    "gyro_x": -0.0222,
    "gyro_y": 0.3273,
    "gyro_z": 0.0607,
    "sound": 45.51,
    "lat": 12.925623,
    "long": 77.68664,
    "time": "2018-08-09 09:34:09:736"
  },
  {
    "gyro_x": -0.0318,
    "gyro_y": 0.2745,
    "gyro_z": 0.0623,
    "sound": 48.724,
    "lat": 12.925623,
    "long": 77.68664,
    "time": "2018-08-09 09:34:09:836"
  },
  {
    "gyro_x": 0.1216,
    "gyro_y": 0.2825,
    "gyro_z": 0.008,
    "sound": 48.724,
    "lat": 12.925623,
    "long": 77.68664,
    "time": "2018-08-09 09:34:09:936"
  },
  {
    "gyro_x": 0.193,
    "gyro_y": 0.4519,
    "gyro_z": 0.0011,
    "sound": 48.724,
    "lat": 12.925623,
    "long": 77.68664,
    "time": "2018-08-09 09:34:10:036"
  },
  {
    "gyro_x": 0.2335,
    "gyro_y": 0.3289,
    "gyro_z": -0.0133,
    "sound": 48.724,
    "lat": 12.925623,
    "long": 77.68664,
    "time": "2018-08-09 09:34:10:136"
  },
  {
    "gyro_x": 0.1983,
    "gyro_y": 0.3374,
    "gyro_z": 0.032,
    "sound": 37.252,
    "lat": 12.925623,
    "long": 77.68664,
    "time": "2018-08-09 09:34:10:236"
  },
  {
    "gyro_x": 0.1946,
    "gyro_y": 0.3555,
    "gyro_z": 0.0144,
    "sound": 37.252,
    "lat": 12.925623,
    "long": 77.68664,
    "time": "2018-08-09 09:34:10:336"
  },
  {
    "gyro_x": 0.1823,
    "gyro_y": 0.3299,
    "gyro_z": -0.0074,
    "sound": 37.252,
    "lat": 12.925623,
    "long": 77.68664,
    "time": "2018-08-09 09:34:10:436"
  },
  {
    "gyro_x": 0.1312,
    "gyro_y": 0.291,
    "gyro_z": -0.0229,
    "sound": 36.193,
    "lat": 12.925623,
    "long": 77.68664,
    "time": "2018-08-09 09:34:10:536"
  },
  {
    "gyro_x": 0.2052,
    "gyro_y": 0.0823,
    "gyro_z": -0.0122,
    "sound": 36.193,
    "lat": 12.925623,
    "long": 77.68664,
    "time": "2018-08-09 09:34:10:636"
  },
  {
    "gyro_x": 0.2985,
    "gyro_y": 0.0599,
    "gyro_z": 0.0043,
    "sound": 36.193,
    "lat": 12.925623,
    "long": 77.68664,
    "time": "2018-08-09 09:34:10:736"
  },
  {
    "gyro_x": 0.1861,
    "gyro_y": 0.1243,
    "gyro_z": -0.0272,
    "sound": 37.238,
    "lat": 12.925623,
    "long": 77.68664,
    "time": "2018-08-09 09:34:10:836"
  },
  {
    "gyro_x": 0.0907,
    "gyro_y": -0.0775,
    "gyro_z": -0.0149,
    "sound": 37.238,
    "lat": 12.925623,
    "long": 77.68664,
    "time": "2018-08-09 09:34:10:936"
  },
  {
    "gyro_x": -0.0153,
    "gyro_y": -0.1841,
    "gyro_z": -0.0096,
    "sound": 37.238,
    "lat": 12.925623,
    "long": 77.68664,
    "time": "2018-08-09 09:34:11:036"
  },
  {
    "gyro_x": -0.6805,
    "gyro_y": -1.0981,
    "gyro_z": 0.2264,
    "sound": 37.238,
    "lat": 12.925623,
    "long": 77.68664,
    "time": "2018-08-09 09:34:11:136"
  },
  {
    "gyro_x": 0.9861,
    "gyro_y": -1.8288,
    "gyro_z": -0.9268,
    "sound": 40.489,
    "lat": 12.925623,
    "long": 77.68664,
    "time": "2018-08-09 09:34:11:236"
  },
  {
    "gyro_x": 1.3568,
    "gyro_y": -2.3039,
    "gyro_z": -3.0323,
    "sound": 40.489,
    "lat": 12.925623,
    "long": 77.68664,
    "time": "2018-08-09 09:34:11:337"
  },
  {
    "gyro_x": -3.9887,
    "gyro_y": -0.1686,
    "gyro_z": 4.9737,
    "sound": 40.489,
    "lat": 12.925623,
    "long": 77.68664,
    "time": "2018-08-09 09:34:11:437"
  },
  {
    "gyro_x": 4.0226,
    "gyro_y": -6.9288,
    "gyro_z": -4.791,
    "sound": 40.109,
    "lat": 12.925623,
    "long": 77.68664,
    "time": "2018-08-09 09:34:11:536"
  },
  {
    "gyro_x": -0.6949,
    "gyro_y": -1.5188,
    "gyro_z": -1.2682,
    "sound": 40.109,
    "lat": 12.925623,
    "long": 77.68664,
    "time": "2018-08-09 09:34:11:636"
  },
  {
    "gyro_x": -0.0653,
    "gyro_y": -0.281,
    "gyro_z": -0.816,
    "sound": 40.109,
    "lat": 12.925623,
    "long": 77.68664,
    "time": "2018-08-09 09:34:11:736"
  },
  {
    "gyro_x": -0.5506,
    "gyro_y": 0.7518,
    "gyro_z": 0.2157,
    "sound": 40.109,
    "lat": 12.925623,
    "long": 77.68664,
    "time": "2018-08-09 09:34:11:836"
  },
  {
    "gyro_x": -0.7807,
    "gyro_y": 0.6138,
    "gyro_z": 0.5332,
    "sound": 55.307,
    "lat": 12.925623,
    "long": 77.68664,
    "time": "2018-08-09 09:34:11:936"
  },
  {
    "gyro_x": -0.2741,
    "gyro_y": 0.0439,
    "gyro_z": 0.1593,
    "sound": 55.307,
    "lat": 12.925623,
    "long": 77.68664,
    "time": "2018-08-09 09:34:12:036"
  },
  {
    "gyro_x": -0.2299,
    "gyro_y": -0.0871,
    "gyro_z": -0.0186,
    "sound": 55.307,
    "lat": 12.925623,
    "long": 77.68664,
    "time": "2018-08-09 09:34:12:136"
  },
  {
    "gyro_x": -0.101,
    "gyro_y": -0.191,
    "gyro_z": 0.0186,
    "sound": 43.289,
    "lat": 12.925623,
    "long": 77.68664,
    "time": "2018-08-09 09:34:12:236"
  },
  {
    "gyro_x": -0.2773,
    "gyro_y": -0.3188,
    "gyro_z": -0.1752,
    "sound": 43.289,
    "lat": 12.925623,
    "long": 77.68664,
    "time": "2018-08-09 09:34:12:336"
  },
  {
    "gyro_x": -0.2336,
    "gyro_y": -0.3337,
    "gyro_z": -0.4069,
    "sound": 43.289,
    "lat": 12.925623,
    "long": 77.68664,
    "time": "2018-08-09 09:34:12:436"
  },
  {
    "gyro_x": -0.2049,
    "gyro_y": -0.2618,
    "gyro_z": -0.5763,
    "sound": 43.703,
    "lat": 12.925623,
    "long": 77.68664,
    "time": "2018-08-09 09:34:12:536"
  },
  {
    "gyro_x": -0.0153,
    "gyro_y": -0.2437,
    "gyro_z": -0.6136,
    "sound": 43.703,
    "lat": 12.925623,
    "long": 77.68664,
    "time": "2018-08-09 09:34:12:636"
  },
  {
    "gyro_x": 0.7235,
    "gyro_y": -0.673,
    "gyro_z": -0.9768,
    "sound": 43.703,
    "lat": 12.925623,
    "long": 77.68664,
    "time": "2018-08-09 09:34:12:736"
  },
  {
    "gyro_x": 0.9142,
    "gyro_y": -0.5329,
    "gyro_z": -1.0296,
    "sound": 43.703,
    "lat": 12.925623,
    "long": 77.68664,
    "time": "2018-08-09 09:34:12:836"
  },
  {
    "gyro_x": 1.1294,
    "gyro_y": -1.0091,
    "gyro_z": -1.445,
    "sound": 44.143,
    "lat": 12.925623,
    "long": 77.68664,
    "time": "2018-08-09 09:34:12:936"
  },
  {
    "gyro_x": 1.4452,
    "gyro_y": -4.4137,
    "gyro_z": -5.8387,
    "sound": 44.143,
    "lat": 12.925623,
    "long": 77.68664,
    "time": "2018-08-09 09:34:13:036"
  },
  {
    "gyro_x": -3.7458,
    "gyro_y": 11.7277,
    "gyro_z": 17.4677,
    "sound": 44.143,
    "lat": 12.925623,
    "long": 77.68664,
    "time": "2018-08-09 09:34:13:136"
  },
  {
    "gyro_x": 1.3872,
    "gyro_y": -1.5939,
    "gyro_z": -0.9502,
    "sound": 47.902,
    "lat": 12.925623,
    "long": 77.68664,
    "time": "2018-08-09 09:34:13:236"
  },
  {
    "gyro_x": -0.3024,
    "gyro_y": -0.5537,
    "gyro_z": -1.3236,
    "sound": 47.902,
    "lat": 12.925623,
    "long": 77.68664,
    "time": "2018-08-09 09:34:13:336"
  },
  {
    "gyro_x": -0.1468,
    "gyro_y": 1.7909,
    "gyro_z": 0.0682,
    "sound": 47.902,
    "lat": 12.925623,
    "long": 77.68664,
    "time": "2018-08-09 09:34:13:436"
  },
  {
    "gyro_x": 0.4348,
    "gyro_y": 1.4586,
    "gyro_z": 0.236,
    "sound": 57.413,
    "lat": 12.925623,
    "long": 77.68664,
    "time": "2018-08-09 09:34:13:536"
  },
  {
    "gyro_x": 1.3185,
    "gyro_y": 0.7305,
    "gyro_z": -0.3963,
    "sound": 57.413,
    "lat": 12.925623,
    "long": 77.68664,
    "time": "2018-08-09 09:34:13:636"
  },
  {
    "gyro_x": 1.2476,
    "gyro_y": 0.135,
    "gyro_z": -0.7617,
    "sound": 57.413,
    "lat": 12.925623,
    "long": 77.68664,
    "time": "2018-08-09 09:34:13:736"
  },
  {
    "gyro_x": 0.5046,
    "gyro_y": 0.3901,
    "gyro_z": -0.3973,
    "sound": 57.413,
    "lat": 12.925623,
    "long": 77.68664,
    "time": "2018-08-09 09:34:13:836"
  },
  {
    "gyro_x": 0.2132,
    "gyro_y": 0.3757,
    "gyro_z": -0.1443,
    "sound": 39.081,
    "lat": 12.925623,
    "long": 77.68664,
    "time": "2018-08-09 09:34:13:936"
  },
  {
    "gyro_x": 0.226,
    "gyro_y": 0.4269,
    "gyro_z": -0.0378,
    "sound": 39.081,
    "lat": 12.925623,
    "long": 77.68664,
    "time": "2018-08-09 09:34:14:036"
  },
  {
    "gyro_x": 0.3288,
    "gyro_y": 0.3843,
    "gyro_z": 0.0208,
    "sound": 39.081,
    "lat": 12.925623,
    "long": 77.68664,
    "time": "2018-08-09 09:34:14:136"
  },
  {
    "gyro_x": 0.2819,
    "gyro_y": 0.3108,
    "gyro_z": 0.0442,
    "sound": 38.574,
    "lat": 12.925623,
    "long": 77.68664,
    "time": "2018-08-09 09:34:14:236"
  },
  {
    "gyro_x": 0.1317,
    "gyro_y": 0.1888,
    "gyro_z": -0.0543,
    "sound": 38.574,
    "lat": 12.925623,
    "long": 77.68664,
    "time": "2018-08-09 09:34:14:336"
  },
  {
    "gyro_x": 0.038,
    "gyro_y": 0.0881,
    "gyro_z": -0.0069,
    "sound": 38.574,
    "lat": 12.925623,
    "long": 77.68664,
    "time": "2018-08-09 09:34:14:436"
  },
  {
    "gyro_x": -0.1846,
    "gyro_y": 0.046,
    "gyro_z": -0.1523,
    "sound": 40.582,
    "lat": 12.925623,
    "long": 77.68664,
    "time": "2018-08-09 09:34:14:536"
  },
  {
    "gyro_x": 0.0801,
    "gyro_y": -0.1958,
    "gyro_z": -0.2258,
    "sound": 40.582,
    "lat": 12.925623,
    "long": 77.68664,
    "time": "2018-08-09 09:34:14:637"
  },
  {
    "gyro_x": 0.5578,
    "gyro_y": -0.2917,
    "gyro_z": -0.4155,
    "sound": 40.582,
    "lat": 12.925623,
    "long": 77.68664,
    "time": "2018-08-09 09:34:14:736"
  },
  {
    "gyro_x": 1.9949,
    "gyro_y": 0.0551,
    "gyro_z": -0.939,
    "sound": 40.582,
    "lat": 12.925623,
    "long": 77.68664,
    "time": "2018-08-09 09:34:14:836"
  },
  {
    "gyro_x": 5.6301,
    "gyro_y": -2.3902,
    "gyro_z": -0.6812,
    "sound": 42.961,
    "lat": 12.925623,
    "long": 77.68664,
    "time": "2018-08-09 09:34:14:936"
  },
  {
    "gyro_x": 7.6536,
    "gyro_y": -4.8984,
    "gyro_z": -0.5166,
    "sound": 42.961,
    "lat": 12.925623,
    "long": 77.68664,
    "time": "2018-08-09 09:34:15:036"
  },
  {
    "gyro_x": -17.4196,
    "gyro_y": 14.6945,
    "gyro_z": 5.998,
    "sound": 42.961,
    "lat": 12.925623,
    "long": 77.68664,
    "time": "2018-08-09 09:34:15:136"
  },
  {
    "gyro_x": 2.4268,
    "gyro_y": -0.0472,
    "gyro_z": -0.221,
    "sound": 45.077,
    "lat": 12.925623,
    "long": 77.68664,
    "time": "2018-08-09 09:34:15:236"
  },
  {
    "gyro_x": 0.7592,
    "gyro_y": -0.7668,
    "gyro_z": -0.0714,
    "sound": 45.077,
    "lat": 12.925623,
    "long": 77.68664,
    "time": "2018-08-09 09:34:15:336"
  },
  {
    "gyro_x": 1.3222,
    "gyro_y": -0.7385,
    "gyro_z": -0.5875,
    "sound": 45.077,
    "lat": 12.925623,
    "long": 77.68664,
    "time": "2018-08-09 09:34:15:437"
  },
  {
    "gyro_x": 2.2857,
    "gyro_y": -0.7455,
    "gyro_z": -0.2487,
    "sound": 45.077,
    "lat": 12.925623,
    "long": 77.68664,
    "time": "2018-08-09 09:34:15:536"
  },
  {
    "gyro_x": 2.6479,
    "gyro_y": -0.6837,
    "gyro_z": -0.3361,
    "sound": 57.391,
    "lat": 12.925623,
    "long": 77.68664,
    "time": "2018-08-09 09:34:15:636"
  },
  {
    "gyro_x": 2.0268,
    "gyro_y": -0.3923,
    "gyro_z": -0.0996,
    "sound": 57.391,
    "lat": 12.925623,
    "long": 77.68664,
    "time": "2018-08-09 09:34:15:736"
  },
  {
    "gyro_x": 0.2606,
    "gyro_y": 0.2074,
    "gyro_z": 0.3148,
    "sound": 57.391,
    "lat": 12.925623,
    "long": 77.68664,
    "time": "2018-08-09 09:34:15:836"
  },
  {
    "gyro_x": 0.5387,
    "gyro_y": -0.1409,
    "gyro_z": 0.2706,
    "sound": 46.046,
    "lat": 12.925623,
    "long": 77.68664,
    "time": "2018-08-09 09:34:15:936"
  },
  {
    "gyro_x": -0.4872,
    "gyro_y": 0.1696,
    "gyro_z": 0.1268,
    "sound": 46.046,
    "lat": 12.925623,
    "long": 77.68664,
    "time": "2018-08-09 09:34:16:036"
  },
  {
    "gyro_x": 0.1632,
    "gyro_y": 0.1515,
    "gyro_z": 0.1736,
    "sound": 46.046,
    "lat": 12.925623,
    "long": 77.68664,
    "time": "2018-08-09 09:34:16:136"
  },
  {
    "gyro_x": 0.1957,
    "gyro_y": 0.2921,
    "gyro_z": -0.0197,
    "sound": 43.825,
    "lat": 12.925623,
    "long": 77.68664,
    "time": "2018-08-09 09:34:16:236"
  },
  {
    "gyro_x": 0.291,
    "gyro_y": 0.0817,
    "gyro_z": -0.1182,
    "sound": 43.825,
    "lat": 12.925623,
    "long": 77.68664,
    "time": "2018-08-09 09:34:16:336"
  },
  {
    "gyro_x": -0.0201,
    "gyro_y": 0.1563,
    "gyro_z": -0.1731,
    "sound": 43.825,
    "lat": 12.925623,
    "long": 77.68664,
    "time": "2018-08-09 09:34:16:436"
  },
  {
    "gyro_x": 0.1259,
    "gyro_y": 0.2122,
    "gyro_z": -0.228,
    "sound": 39.152,
    "lat": 12.925623,
    "long": 77.68664,
    "time": "2018-08-09 09:34:16:536"
  },
  {
    "gyro_x": 0.1669,
    "gyro_y": 0.3209,
    "gyro_z": -0.3441,
    "sound": 39.152,
    "lat": 12.925623,
    "long": 77.68664,
    "time": "2018-08-09 09:34:16:636"
  },
  {
    "gyro_x": 0.2457,
    "gyro_y": 0.3592,
    "gyro_z": -0.3441,
    "sound": 39.152,
    "lat": 12.925623,
    "long": 77.68664,
    "time": "2018-08-09 09:34:16:736"
  },
  {
    "gyro_x": -0.1905,
    "gyro_y": 0.5238,
    "gyro_z": -0.2983,
    "sound": 39.152,
    "lat": 12.925623,
    "long": 77.68664,
    "time": "2018-08-09 09:34:16:836"
  },
  {
    "gyro_x": -0.1804,
    "gyro_y": 0.592,
    "gyro_z": -0.3505,
    "sound": 47.612,
    "lat": 12.925623,
    "long": 77.68664,
    "time": "2018-08-09 09:34:16:935"
  },
  {
    "gyro_x": -1.2339,
    "gyro_y": 1.2732,
    "gyro_z": -0.2589,
    "sound": 47.612,
    "lat": 12.925623,
    "long": 77.68664,
    "time": "2018-08-09 09:34:17:036"
  },
  {
    "gyro_x": -0.5143,
    "gyro_y": 0.5164,
    "gyro_z": -0.2764,
    "sound": 47.612,
    "lat": 12.925623,
    "long": 77.68664,
    "time": "2018-08-09 09:34:17:136"
  },
  {
    "gyro_x": 0.878,
    "gyro_y": -0.2576,
    "gyro_z": -0.2429,
    "sound": 44.414,
    "lat": 12.925623,
    "long": 77.68664,
    "time": "2018-08-09 09:34:17:236"
  },
  {
    "gyro_x": 3.7233,
    "gyro_y": -2.4515,
    "gyro_z": -0.4037,
    "sound": 44.414,
    "lat": 12.925623,
    "long": 77.68664,
    "time": "2018-08-09 09:34:17:336"
  },
  {
    "gyro_x": -17.4196,
    "gyro_y": 10.786,
    "gyro_z": 2.9343,
    "sound": 44.414,
    "lat": 12.925623,
    "long": 77.68664,
    "time": "2018-08-09 09:34:17:435"
  },
  {
    "gyro_x": 8.0312,
    "gyro_y": -1.75,
    "gyro_z": -0.71,
    "sound": 44.414,
    "lat": 12.925623,
    "long": 77.68664,
    "time": "2018-08-09 09:34:17:535"
  },
  {
    "gyro_x": -0.0126,
    "gyro_y": 1.2343,
    "gyro_z": 0.4384,
    "sound": 37.489,
    "lat": 12.925623,
    "long": 77.68664,
    "time": "2018-08-09 09:34:17:636"
  },
  {
    "gyro_x": -0.4361,
    "gyro_y": -0.3439,
    "gyro_z": -0.3164,
    "sound": 37.489,
    "lat": 12.925623,
    "long": 77.68664,
    "time": "2018-08-09 09:34:17:735"
  },
  {
    "gyro_x": -0.0962,
    "gyro_y": 0.0854,
    "gyro_z": -0.0762,
    "sound": 37.489,
    "lat": 12.925623,
    "long": 77.68664,
    "time": "2018-08-09 09:34:17:836"
  },
  {
    "gyro_x": -0.0243,
    "gyro_y": 0.1265,
    "gyro_z": -0.2732,
    "sound": 54.73,
    "lat": 12.925623,
    "long": 77.68664,
    "time": "2018-08-09 09:34:17:936"
  },
  {
    "gyro_x": 0.1552,
    "gyro_y": -0.2624,
    "gyro_z": 0.0272,
    "sound": 54.73,
    "lat": 12.925623,
    "long": 77.68664,
    "time": "2018-08-09 09:34:18:037"
  },
  {
    "gyro_x": 0.0726,
    "gyro_y": -0.4189,
    "gyro_z": 0.0144,
    "sound": 54.73,
    "lat": 12.925623,
    "long": 77.68664,
    "time": "2018-08-09 09:34:18:136"
  },
  {
    "gyro_x": 0.2143,
    "gyro_y": -0.649,
    "gyro_z": -0.1523,
    "sound": 39.814,
    "lat": 12.925623,
    "long": 77.68664,
    "time": "2018-08-09 09:34:18:236"
  },
  {
    "gyro_x": -0.198,
    "gyro_y": -0.3822,
    "gyro_z": -0.1758,
    "sound": 39.814,
    "lat": 12.925623,
    "long": 77.68664,
    "time": "2018-08-09 09:34:18:336"
  },
  {
    "gyro_x": -0.2656,
    "gyro_y": -0.2277,
    "gyro_z": -0.1763,
    "sound": 39.814,
    "lat": 12.925623,
    "long": 77.68664,
    "time": "2018-08-09 09:34:18:435"
  },
  {
    "gyro_x": -0.0904,
    "gyro_y": -0.305,
    "gyro_z": -0.1656,
    "sound": 39.814,
    "lat": 12.925623,
    "long": 77.68664,
    "time": "2018-08-09 09:34:18:536"
  },
  {
    "gyro_x": -0.093,
    "gyro_y": -0.1436,
    "gyro_z": -0.0639,
    "sound": 42.121,
    "lat": 12.925623,
    "long": 77.68664,
    "time": "2018-08-09 09:34:18:635"
  },
  {
    "gyro_x": -0.0046,
    "gyro_y": -0.1569,
    "gyro_z": -0.0618,
    "sound": 42.121,
    "lat": 12.925623,
    "long": 77.68664,
    "time": "2018-08-09 09:34:18:736"
  },
  {
    "gyro_x": 0.0087,
    "gyro_y": -0.0823,
    "gyro_z": -0.0202,
    "sound": 42.121,
    "lat": 12.925623,
    "long": 77.68664,
    "time": "2018-08-09 09:34:18:835"
  },
  {
    "gyro_x": 0.0183,
    "gyro_y": 0.0412,
    "gyro_z": 0.0426,
    "sound": 42.207,
    "lat": 12.925623,
    "long": 77.68664,
    "time": "2018-08-09 09:34:18:935"
  },
  {
    "gyro_x": 0.0811,
    "gyro_y": 0.0791,
    "gyro_z": 0.0708,
    "sound": 42.207,
    "lat": 12.925623,
    "long": 77.68664,
    "time": "2018-08-09 09:34:19:036"
  },
  {
    "gyro_x": 0.0518,
    "gyro_y": 0.1393,
    "gyro_z": 0.04,
    "sound": 42.207,
    "lat": 12.925623,
    "long": 77.68664,
    "time": "2018-08-09 09:34:19:136"
  },
  {
    "gyro_x": 0.0955,
    "gyro_y": 0.2042,
    "gyro_z": 0.0677,
    "sound": 41.702,
    "lat": 12.925623,
    "long": 77.68664,
    "time": "2018-08-09 09:34:19:236"
  },
  {
    "gyro_x": 0.2516,
    "gyro_y": 0.1776,
    "gyro_z": 0.1257,
    "sound": 41.702,
    "lat": 12.925623,
    "long": 77.68664,
    "time": "2018-08-09 09:34:19:335"
  },
  {
    "gyro_x": 0.2106,
    "gyro_y": 0.2745,
    "gyro_z": 0.131,
    "sound": 41.702,
    "lat": 12.925623,
    "long": 77.68664,
    "time": "2018-08-09 09:34:19:436"
  },
  {
    "gyro_x": 0.1419,
    "gyro_y": 0.3198,
    "gyro_z": 0.1539,
    "sound": 41.702,
    "lat": 12.925623,
    "long": 77.68664,
    "time": "2018-08-09 09:34:19:536"
  },
  {
    "gyro_x": 0.1445,
    "gyro_y": 0.2713,
    "gyro_z": 0.1348,
    "sound": 40.381,
    "lat": 12.925623,
    "long": 77.68664,
    "time": "2018-08-09 09:34:19:636"
  },
  {
    "gyro_x": 0.1152,
    "gyro_y": 0.2671,
    "gyro_z": 0.1348,
    "sound": 40.381,
    "lat": 12.925623,
    "long": 77.68664,
    "time": "2018-08-09 09:34:19:736"
  },
  {
    "gyro_x": 0.0811,
    "gyro_y": 0.2053,
    "gyro_z": 0.1172,
    "sound": 40.381,
    "lat": 12.925623,
    "long": 77.68664,
    "time": "2018-08-09 09:34:19:836"
  },
  {
    "gyro_x": 0.0513,
    "gyro_y": 0.1004,
    "gyro_z": 0.073,
    "sound": 39.311,
    "lat": 12.925623,
    "long": 77.68664,
    "time": "2018-08-09 09:34:19:936"
  },
  {
    "gyro_x": 0.0199,
    "gyro_y": 0.0199,
    "gyro_z": 0.0053,
    "sound": 39.311,
    "lat": 12.925623,
    "long": 77.68664,
    "time": "2018-08-09 09:34:20:036"
  },
  {
    "gyro_x": -0.0083,
    "gyro_y": -0.0626,
    "gyro_z": -0.0224,
    "sound": 39.311,
    "lat": 12.925623,
    "long": 77.68664,
    "time": "2018-08-09 09:34:20:136"
  },
  {
    "gyro_x": -0.0398,
    "gyro_y": -0.1058,
    "gyro_z": -0.0586,
    "sound": 42.595,
    "lat": 12.925623,
    "long": 77.68664,
    "time": "2018-08-09 09:34:20:236"
  },
  {
    "gyro_x": -0.0861,
    "gyro_y": -0.1558,
    "gyro_z": -0.073,
    "sound": 42.595,
    "lat": 12.925623,
    "long": 77.68664,
    "time": "2018-08-09 09:34:20:336"
  },
  {
    "gyro_x": -0.0771,
    "gyro_y": -0.2086,
    "gyro_z": -0.0847,
    "sound": 42.595,
    "lat": 12.925623,
    "long": 77.68664,
    "time": "2018-08-09 09:34:20:436"
  },
  {
    "gyro_x": -0.1,
    "gyro_y": -0.2043,
    "gyro_z": -0.1055,
    "sound": 42.283,
    "lat": 12.925623,
    "long": 77.68664,
    "time": "2018-08-09 09:34:20:536"
  },
  {
    "gyro_x": -0.0856,
    "gyro_y": -0.224,
    "gyro_z": -0.1198,
    "sound": 42.283,
    "lat": 12.925623,
    "long": 77.68664,
    "time": "2018-08-09 09:34:20:636"
  },
  {
    "gyro_x": 0.9408,
    "gyro_y": -2.4568,
    "gyro_z": -0.9491,
    "sound": 42.283,
    "lat": 12.925623,
    "long": 77.68664,
    "time": "2018-08-09 09:34:20:736"
  },
  {
    "gyro_x": 1.7728,
    "gyro_y": -1.6366,
    "gyro_z": -1.6277,
    "sound": 42.283,
    "lat": 12.925623,
    "long": 77.68664,
    "time": "2018-08-09 09:34:20:836"
  },
  {
    "gyro_x": 4.0801,
    "gyro_y": -5.5429,
    "gyro_z": -6.7671,
    "sound": 42.254,
    "lat": 12.925623,
    "long": 77.68664,
    "time": "2018-08-09 09:34:20:936"
  },
  {
    "gyro_x": -4.7077,
    "gyro_y": 1.6205,
    "gyro_z": 3.7231,
    "sound": 42.254,
    "lat": 12.925623,
    "long": 77.68664,
    "time": "2018-08-09 09:34:21:036"
  },
  {
    "gyro_x": 1.0931,
    "gyro_y": -1.2046,
    "gyro_z": -0.9507,
    "sound": 42.254,
    "lat": 12.925623,
    "long": 77.68664,
    "time": "2018-08-09 09:34:21:136"
  },
  {
    "gyro_x": -0.8685,
    "gyro_y": 3.0991,
    "gyro_z": -0.6599,
    "sound": 47.807,
    "lat": 12.925623,
    "long": 77.68664,
    "time": "2018-08-09 09:34:21:236"
  },
  {
    "gyro_x": -0.2709,
    "gyro_y": 1.8533,
    "gyro_z": 0.2312,
    "sound": 47.807,
    "lat": 12.925623,
    "long": 77.68664,
    "time": "2018-08-09 09:34:21:336"
  },
  {
    "gyro_x": 0.1525,
    "gyro_y": 0.7566,
    "gyro_z": -0.1523,
    "sound": 47.807,
    "lat": 12.925623,
    "long": 77.68664,
    "time": "2018-08-09 09:34:21:436"
  },
  {
    "gyro_x": 0.0289,
    "gyro_y": 1.1582,
    "gyro_z": -0.392,
    "sound": 51.004,
    "lat": 12.925623,
    "long": 77.68664,
    "time": "2018-08-09 09:34:21:536"
  },
  {
    "gyro_x": -0.0946,
    "gyro_y": 0.9984,
    "gyro_z": -0.3515,
    "sound": 51.004,
    "lat": 12.925623,
    "long": 77.68664,
    "time": "2018-08-09 09:34:21:636"
  },
  {
    "gyro_x": -0.2928,
    "gyro_y": 0.5408,
    "gyro_z": -0.2328,
    "sound": 51.004,
    "lat": 12.925623,
    "long": 77.68664,
    "time": "2018-08-09 09:34:21:736"
  },
  {
    "gyro_x": -0.2097,
    "gyro_y": 0.2341,
    "gyro_z": 0.0165,
    "sound": 51.004,
    "lat": 12.925623,
    "long": 77.68664,
    "time": "2018-08-09 09:34:21:836"
  },
  {
    "gyro_x": -0.1404,
    "gyro_y": 0.1696,
    "gyro_z": -0.0069,
    "sound": 41.565,
    "lat": 12.925623,
    "long": 77.68664,
    "time": "2018-08-09 09:34:21:936"
  },
  {
    "gyro_x": 0.0311,
    "gyro_y": 0.0865,
    "gyro_z": -0.0256,
    "sound": 41.565,
    "lat": 12.925623,
    "long": 77.68664,
    "time": "2018-08-09 09:34:22:036"
  },
  {
    "gyro_x": 0.0833,
    "gyro_y": 0.0918,
    "gyro_z": -0.0788,
    "sound": 41.565,
    "lat": 12.925623,
    "long": 77.68664,
    "time": "2018-08-09 09:34:22:136"
  },
  {
    "gyro_x": -0.0057,
    "gyro_y": 0.0466,
    "gyro_z": -0.0351,
    "sound": 41.565,
    "lat": 12.925623,
    "long": 77.68664,
    "time": "2018-08-09 09:34:22:236"
  },
  {
    "gyro_x": -0.0914,
    "gyro_y": 0.045,
    "gyro_z": -0.0367,
    "sound": 41.151,
    "lat": 12.925623,
    "long": 77.68664,
    "time": "2018-08-09 09:34:22:336"
  },
  {
    "gyro_x": -0.0041,
    "gyro_y": 0.0082,
    "gyro_z": -0.033,
    "sound": 41.151,
    "lat": 12.925623,
    "long": 77.68664,
    "time": "2018-08-09 09:34:22:436"
  },
  {
    "gyro_x": -0.0376,
    "gyro_y": -0.0019,
    "gyro_z": -0.0027,
    "sound": 41.151,
    "lat": 12.925623,
    "long": 77.68664,
    "time": "2018-08-09 09:34:22:536"
  },
  {
    "gyro_x": -0.0478,
    "gyro_y": -0.0578,
    "gyro_z": 0.0501,
    "sound": 38.433,
    "lat": 12.925623,
    "long": 77.68664,
    "time": "2018-08-09 09:34:22:636"
  }
]